K,dimer_index,x_nm,dimer_pitch_nm,supercell_period_nm,target_angle_deg,uniform_phase_rad,plus_ramp_phase_rad,plus_ramp_phase_deg,minus_ramp_phase_rad,minus_ramp_phase_deg,plus_ramp_complex_real,plus_ramp_complex_imag,minus_ramp_complex_real,minus_ramp_complex_imag
6,0,-1019.0517467349671,407.62069869398687,2445.724192163921,15.0,0.0,0.0,0.0,0.0,0.0,1.0,0.0,1.0,0.0
6,1,-611.4310480409802,407.62069869398687,2445.724192163921,15.0,0.0,1.0471975511965976,59.99999999999999,5.235987755982989,300.0,0.5000000000000001,0.8660254037844386,0.5000000000000001,-0.8660254037844386
6,2,-203.81034934699338,407.62069869398687,2445.724192163921,15.0,0.0,2.0943951023931953,119.99999999999999,4.188790204786391,240.00000000000003,-0.4999999999999998,0.8660254037844387,-0.4999999999999996,-0.8660254037844388
6,3,203.81034934699343,407.62069869398687,2445.724192163921,15.0,0.0,3.141592653589793,180.0,3.141592653589793,180.0,-1.0,1.2246467991473532e-16,-1.0,1.2246467991473532e-16
6,4,611.4310480409804,407.62069869398687,2445.724192163921,15.0,0.0,4.1887902047863905,239.99999999999997,2.0943951023931957,120.00000000000001,-0.5000000000000004,-0.8660254037844385,-0.5000000000000002,0.8660254037844386
6,5,1019.0517467349673,407.62069869398687,2445.724192163921,15.0,0.0,5.235987755982988,299.99999999999994,1.0471975511965983,60.000000000000036,0.49999999999999933,-0.866025403784439,0.4999999999999995,0.8660254037844389
