K,dimer_index,x_nm,dimer_pitch_nm,supercell_period_nm,target_angle_deg,uniform_phase_rad,plus_ramp_phase_rad,plus_ramp_phase_deg,minus_ramp_phase_rad,minus_ramp_phase_deg,plus_ramp_complex_real,plus_ramp_complex_imag,minus_ramp_complex_real,minus_ramp_complex_imag
7,0,-1048.1675109273947,349.3891703091316,2445.724192163921,15.0,0.0,0.0,0.0,0.0,0.0,1.0,0.0,1.0,0.0
7,1,-698.7783406182632,349.3891703091316,2445.724192163921,15.0,0.0,0.8975979010256552,51.42857142857143,5.385587406153931,308.57142857142856,0.6234898018587336,0.7818314824680298,0.6234898018587334,-0.7818314824680299
7,2,-349.38917030913154,349.3891703091316,2445.724192163921,15.0,0.0,1.7951958020513104,102.85714285714286,4.487989505128276,257.14285714285717,-0.22252093395631434,0.9749279121818236,-0.2225209339563146,-0.9749279121818236
7,3,-5.684341886080802e-14,349.3891703091316,2445.724192163921,15.0,0.0,2.6927937030769655,154.28571428571428,3.5903916041026207,205.71428571428572,-0.900968867902419,0.43388373911755823,-0.9009688679024191,-0.433883739117558
7,4,349.38917030913166,349.3891703091316,2445.724192163921,15.0,0.0,3.5903916041026207,205.71428571428572,2.6927937030769655,154.28571428571428,-0.9009688679024191,-0.433883739117558,-0.900968867902419,0.43388373911755823
7,5,698.7783406182634,349.3891703091316,2445.724192163921,15.0,0.0,4.487989505128276,257.14285714285717,1.7951958020513104,102.85714285714286,-0.2225209339563146,-0.9749279121818236,-0.22252093395631434,0.9749279121818236
7,6,1048.1675109273947,349.3891703091316,2445.724192163921,15.0,0.0,5.385587406153931,308.57142857142856,0.8975979010256552,51.42857142857143,0.6234898018587334,-0.7818314824680299,0.6234898018587336,0.7818314824680298
